CREATE TABLE KHACHHANG(
    MAKH CHAR(10) NOT NULL,
    TENKH VARCHAR2(50) NOT NULL,
    DIACHI VARCHAR2(50) NOT NULL,
    SDT CHAR(10) NOT NULL,
    GMAIL VARCHAR2(30) NOT NULL,
    CONSTRAINT PK_KHACHHANG PRIMARY KEY(MAKH)
);
CREATE TABLE CHUCVU(
    MACV CHAR(10) NOT NULL,
    TENCV VARCHAR2(50) NOT NULL,
    CONSTRAINT PK_CHUCVU PRIMARY KEY (MACV)
);  
CREATE TABLE NHANVIEN(
    MANV CHAR(10) NOT NULL,
    TENNV VARCHAR(50) NOT NULL,
    MACV CHAR(10) NOT NULL,
    GMAIL VARCHAR2(30) NOT NULL,
    CCCD CHAR(15) NOT NULL,
    SDT CHAR(10) NOT NULL,
    DIACHI VARCHAR(50) NOT NULL,
    CONSTRAINT PK_NHANVIEN PRIMARY KEY(MANV),
    CONSTRAINT FK_NHANVIEN FOREIGN KEY (MACV) REFERENCES CHUCVU(MACV)
);
CREATE TABLE DICHVU(
    MADV CHAR(10) NOT NULL,
    TENDV VARCHAR2(50) NOT NULL,
    GIA INT NOT NULL,
    CONSTRAINT PK_DICHVU PRIMARY KEY (MADV)
);
CREATE TABLE DONHANG(
    MADONHANG CHAR(10) NOT NULL,
    MADV CHAR(10) NOT NULL,
    MAKH CHAR(10) NOT NULL,
    MANV CHAR(10) NOT NULL,
    NGAYDATHANG DATE NOT NULL,
    DIACHI VARCHAR2(50) NOT NULL,
    SDT CHAR(10) NOT NULL,
    TRANGTHAI VARCHAR2(30) NOT NULL,
    GIA_DONHANG INT NOT NULL,
    TRONGLUONG FLOAT NOT NULL,
    CONSTRAINT PK_DONHANG PRIMARY KEY (MADONHANG),
    CONSTRAINT FK_DONHANG1 FOREIGN KEY (MAKH) REFERENCES KHACHHANG(MAKH),
    CONSTRAINT FK_DONHANG2 FOREIGN KEY (MANV) REFERENCES NHANVIEN(MANV),
    CONSTRAINT FK_DONHANG3 FOREIGN KEY (MADV) REFERENCES DICHVU(MADV)
);

--THÊM KHÁCH HÀNG
INSERT INTO KHACHHANG(MAKH, TENKH, SDT, GMAIL, DIACHI)
VALUES ('KH001', N'Nguy?n Vân Anh', '0901234567', 'nguyenvananh213@gmail.com', N'123 Nguy?n Van C?, Qu?n 5, TP HCM');
INSERT INTO KHACHHANG(MAKH, TENKH, SDT, GMAIL, DIACHI)
VALUES ('KH002', N'Tr?n Nhu Bình', '0907654321', 'tranthibinh332@gmail.com', N'456 Lê L?i, Qu?n 1, TP HCM');
INSERT INTO KHACHHANG(MAKH, TENKH, SDT, GMAIL, DIACHI)
VALUES ('KH003', N'Ph?m Van Chính', '0912345678', 'phamvanchinh12@gmail.com', N'789 Nguy?n Ðình Chi?u, Qu?n 3, TP HCM');
INSERT INTO KHACHHANG(MAKH, TENKH, SDT, GMAIL, DIACHI)
VALUES ('KH004', N'Nguy?n Th? Thu Huong', '0852145365', 'thuhuong123@gmail.com', N'77 Tru?ng Chinh, Qu?n Tân Phú, TP HCM');
INSERT INTO KHACHHANG(MAKH, TENKH, SDT, GMAIL, DIACHI)
VALUES ('KH005', N'Ngô Van Khanh', '0214785236', 'khanh102@gmail.com', N'15 Bình Hung Hòa, Qu?n Tân Bình, TP HCM');

--THÊM CH?C V?
INSERT INTO CHUCVU(MACV, TENCV) 
VALUES ('CV001', N'Giám Ð?c');
INSERT INTO CHUCVU(MACV, TENCV) 
VALUES ('CV002', N'Nhân Viên Ki?m Kho');
INSERT INTO CHUCVU(MACV, TENCV) 
VALUES ('CV003', N'Qu?n Lý');
INSERT INTO CHUCVU(MACV, TENCV) 
VALUES ('CV004', N'Nhân Viên V?n Chuy?n');

--THÊM NHÂN VIÊN
INSERT INTO NHANVIEN(MANV, TENNV, MACV, GMAIL, CCCD, SDT, DIACHI)
VALUES ('NV001', N'Tr?n Van Ái', 'CV001', 'tranvanai@gmail.com', '235621458', '0253125258', N'12 Nguy?n Van Kh?i, Qu?n 5, TP HCM');
INSERT INTO NHANVIEN(MANV, TENNV, MACV, GMAIL, CCCD, SDT, DIACHI)
VALUES ('NV002', N'Nguy?n Th? Vân', 'CV002', 'vannguyen12@gmail.com', '352547455', '0325125325', '92 Lê L?i, Qu?n 1, TP HCM');
INSERT INTO NHANVIEN(MANV, TENNV, MACV, GMAIL, CCCD, SDT, DIACHI)
VALUES ('NV003', N'Lê Van H?u', 'CV002', 'vanhauu1@gmail.com', '335125321', '0586258621', '115 Nguy?n Van Hai, Qu?n 3, TP HCM');
INSERT INTO NHANVIEN(MANV, TENNV, MACV, GMAIL, CCCD, SDT, DIACHI)
VALUES ('NV004', N'Lê Van Hùng', 'CV003', 'hung12s2@gmail.com', '225896541', '0356214523', '96 M?c Ð?nh Chi, Qu?n 3, TP HCM');
INSERT INTO NHANVIEN(MANV, TENNV, MACV, GMAIL, CCCD, SDT, DIACHI)
VALUES ('NV005', N'Nguy?n Th? Ð?nh', 'CV004', 'dinhnguyen11@gmail.com', '652122356', '0666251485', '192 Võ Van Hình, Qu?n Tân Bình, TP HCM');
INSERT INTO NHANVIEN(MANV, TENNV, MACV, GMAIL, CCCD, SDT, DIACHI)
VALUES ('NV006', N'Tr?n Van Tùng', 'CV004', 'tungvan2@gmail.com', '521423625', '0236202125', '85 Nguy?n Toàn, Qu?n 1, TP HCM');
INSERT INTO NHANVIEN(MANV, TENNV, MACV, GMAIL, CCCD, SDT, DIACHI)
VALUES ('NV007', N'T? Nguy?n', 'CV004', 'tanguyenx12@gmail.com', '633225214', '0695214523', '12 Võ Van Ki?t, Qu?n 5, TP HCM');
INSERT INTO NHANVIEN(MANV, TENNV, MACV, GMAIL, CCCD, SDT, DIACHI)
VALUES ('NV008', N'Nguy?n Thu Th?y', 'CV004', 'thunguyen111@gmail.com', '895654852', '0352654852', '35 Su V?n H?nh, Qu?n 7, TP HCM');

--THÊM D?CH V?
INSERT INTO DICHVU (MADV, TENDV, GIA)
VALUES ('DV001', N'Giao hàng mi?n phí', 0);
INSERT INTO DICHVU (MADV, TENDV, GIA)
VALUES ('DV002', N'Giao hàng shopee', 25000);
INSERT INTO DICHVU (MADV, TENDV, GIA)
VALUES ('DV003', N'Giao hàng qu?c t?', 55000);
INSERT INTO DICHVU (MADV, TENDV, GIA)
VALUES ('DV004', N'Giao hàng lazada', 15000);
INSERT INTO DICHVU (MADV, TENDV, GIA)
VALUES ('DV005', N'Giao hàng c?p t?c', 35000);

--THÊM ÐON HÀNG
INSERT INTO DONHANG (MADONHANG, MADV, MAKH, MANV, NGAYDATHANG, DIACHI, SDT, TRANGTHAI, GIA_DONHANG, TRONGLUONG)
VALUES ('DH001', 'DV001', 'KH001', 'NV005', TO_DATE('15/8/2023','dd/MM/yyyy'), N'189 Nguy?n Van Nam, Qu?n 5, TP HCM', '0253215321', N'Chua giao', 108000, 2.5);
INSERT INTO DONHANG (MADONHANG, MADV, MAKH, MANV, NGAYDATHANG, DIACHI, SDT, TRANGTHAI, GIA_DONHANG, TRONGLUONG)
VALUES ('DH002', 'DV002', 'KH002', 'NV006', TO_DATE('14/9/2022','dd/MM/yyyy'), N'25 Bùi Vinh L?c, Qu?n Tân Bình, TP HCM', '0523215214', N'Chua giao', 258000, 2.5);
INSERT INTO DONHANG (MADONHANG, MADV, MAKH, MANV, NGAYDATHANG, DIACHI, SDT, TRANGTHAI, GIA_DONHANG, TRONGLUONG)
VALUES ('DH003', 'DV001', 'KH001', 'NV007', TO_DATE('7/8/2023','dd/MM/yyyy'), N'23 Bùi Van, Qu?n 9, TP HCM', '032513526', N'Chua giao', 108000, 3.4);
INSERT INTO DONHANG (MADONHANG, MADV, MAKH, MANV, NGAYDATHANG, DIACHI, SDT, TRANGTHAI, GIA_DONHANG, TRONGLUONG)
VALUES ('DH004', 'DV003', 'KH002', 'NV008', TO_DATE('9/8/2023','dd/MM/yyyy'), N'14 Lê Tr?ng T?n, Qu?n Tân Phú, TP HCM', '0112532125', N'Ðang giao', 158000, 1.2);
INSERT INTO DONHANG (MADONHANG, MADV, MAKH, MANV, NGAYDATHANG, DIACHI, SDT, TRANGTHAI, GIA_DONHANG, TRONGLUONG)
VALUES ('DH005', 'DV001', 'KH003', 'NV005', TO_DATE('12/3/2023','dd/MM/yyyy'), N'225 Lê Tr?ng T?n, Qu?n Tân Phú, TP HCM', '0325125326', N'Ðã giao', 78000, 0.5);
INSERT INTO DONHANG (MADONHANG, MADV, MAKH, MANV, NGAYDATHANG, DIACHI, SDT, TRANGTHAI, GIA_DONHANG, TRONGLUONG)
VALUES ('DH006', 'DV004', 'KH004', 'NV006', TO_DATE('2/1/2023','dd/MM/yyyy'), N'369 Lê L?i, Qu?n 8, TP HCM', '0347521365', N'Chua giao', 19000, 3.5);
INSERT INTO DONHANG (MADONHANG, MADV, MAKH, MANV, NGAYDATHANG, DIACHI, SDT, TRANGTHAI, GIA_DONHANG, TRONGLUONG)
VALUES ('DH007', 'DV002', 'KH005', 'NV008', TO_DATE('15/4/2023','dd/MM/yyyy'), N'1325 Bình Hung Hòa, Qu?n 7, TP HCM', '0258632142', N'Ðang giao', 222000, 5.1);
INSERT INTO DONHANG (MADONHANG, MADV, MAKH, MANV, NGAYDATHANG, DIACHI, SDT, TRANGTHAI, GIA_DONHANG, TRONGLUONG)
VALUES ('DH008', 'DV003', 'KH003', 'NV006', TO_DATE('5/8/2023','dd/MM/yyyy'), N'22 Lê L?i, Qu?n 5, TP HCM', '0358962155', N'Ðã giao', 900000, 4.9);